<?xml version="1.0" encoding="utf-8" ?>
<component name="vstest" extends="Scene">
    <script type="text/brightscript" uri="pkg:/components/vstest.brs"/>
    <children>
        <label id="timerLabel" text="Time: 10" width="400" height="50" translation="[100,50]"/>
        <Timer id="countdownTimer" duration="1.0" repeat="true"/>
        <Label id="questionLabel" text=" " translation="[100,100]"/>
        <ButtonGroup id="group" translation="[100,200]">
            <Button id="btnA" text="A!"/>
            <Button id="btnB" text="B!"/>
            <Button id="btnC" text="C!"/>
            <Button id="btnD" text="D!"/>
        </ButtonGroup>
        <Label id="feedbacklabel" text=" " translation="[100,500]"/>
    </children>
</component>