<?xml version="1.0" encoding="utf-8"?>
<component name="QuizScene" extends="Scene">
    <script type="text/brightscript" uri="pkg:/components/QuizScene.brs"/>

    <children>
        
        <label id="timerLabel"
            text="Time: 10"
            width="400" height="50"
            translation="[100,50]"/>

        
        <label id="questionLabel"
            text="What is the capital of France?"
            width="600" height="50"
            translation="[100,150]"/>

        
        <ButtonGroup id="answerButtons"
            translation="[100, 250]"
            width="400" height="300"
            focusable="true">
            <Button id="answerA" text="A. Paris" focusable="true"/>
            <Button id="answerB" text="B. Rome" focusable="true"/>
            <Button id="answerC" text="C. Berlin" focusable="true"/>
            <Button id="answerD" text="D. Madrid" focusable="true"/>
        </ButtonGroup>

        
        <label id="feedbackLabel"
            text=""
            width="600" height="50"
            translation="[100, 600]"
            color="0xFFFFFF"/>

        
        <Timer id="countdownTimer" duration="1.0" repeat="true"/>
    </children>
</component>