<?xml version="1.0" encoding="utf-8" ?>
<component name="vstest" extends="Scene">
    <script type="text/brightscript" uri="pkg:/components/vstest.brs"/>
    <children>
        <!-- Background gradient -->
        <Rectangle
            width="1920"
            height="1080"
            color="0x1E1E2E"
        />
        
        <!-- Header -->
        <Label 
            id="instructionLabel" 
            text="Hint: Press the asterisk and refresh to reset data" 
            width="800" 
            height="60" 
            translation="[560,50]"
            font="font:BoldSystemFontFile"
            fontSize="28"
            color="0xCBA6F7"
        />

        <!-- Timer -->
        <Label 
            id="timerLabel" 
            text="Time: 10" 
            width="400" 
            height="60" 
            translation="[100,50]"
            font="font:BoldSystemFontFile"
            fontSize="32"
            color="0xF9E2AF"
        />
        <Timer id="countdownTimer" duration="1.0" repeat="true"/>

        <!-- Score -->
        <Label 
            id="scoreLabel" 
            text="Score: " 
            translation="[600,120]"
            font="font:BoldSystemFontFile"
            fontSize="32"
            color="0xA6E3A1"
        />

        <!-- Question -->
        <Label 
            id="questionLabel" 
            text=" " 
            width="1500"
            translation="[210,200]"
            font="font:BoldSystemFontFile"
            fontSize="46"
            color="0x89B4FA"
        />

        <!-- Buttons -->
        <ButtonGroup id="group" translation="[460,350]">
            <Button 
                id="btnA" 
                text="A!"
                focusedColor="0x89B4FA"
                normalColor="0x313244"
                focusedTextColor="0x1E1E2E"
                textColor="0xCDD6F4"
                minWidth="1000"
                translation="[0,0]"
                font="font:BoldSystemFontFile"
                fontSize="36"
            />
            <Button 
                id="btnB" 
                text="B!"
                focusedColor="0x89B4FA"
                normalColor="0x313244"
                focusedTextColor="0x1E1E2E"
                textColor="0xCDD6F4"
                minWidth="1000"
                translation="[0,80]"
                font="font:BoldSystemFontFile"
                fontSize="36"
            />
            <Button 
                id="btnC" 
                text="C!"
                focusedColor="0x89B4FA"
                normalColor="0x313244"
                focusedTextColor="0x1E1E2E"
                textColor="0xCDD6F4"
                minWidth="1000"
                translation="[0,160]"
                font="font:BoldSystemFontFile"
                fontSize="36"
            />
            <Button 
                id="btnD" 
                text="D!"
                focusedColor="0x89B4FA"
                normalColor="0x313244"
                focusedTextColor="0x1E1E2E"
                textColor="0xCDD6F4"
                minWidth="1000"
                translation="[0,240]"
                font="font:BoldSystemFontFile"
                fontSize="36"
            />
            <Button 
                id="next" 
                text="Next"
                focusedColor="0xA6E3A1"
                normalColor="0x313244"
                focusedTextColor="0x1E1E2E"
                textColor="0xCDD6F4"
                minWidth="200"
                translation="[400,320]"
                font="font:BoldSystemFontFile"
                fontSize="32"
            />
            <Button 
                id="replay" 
                text="Replay"
                focusedColor="0xF9E2AF"
                normalColor="0x313244"
                focusedTextColor="0x1E1E2E"
                textColor="0xCDD6F4"
                minWidth="200"
                translation="[400,320]"
                font="font:BoldSystemFontFile"
                fontSize="32"
            />
        </ButtonGroup>

        <!-- Feedback -->
        <Label 
            id="feedbacklabel" 
            text=" " 
            translation="[460,700]"
            font="font:BoldSystemFontFile"
            fontSize="42"
            color="0xF38BA8"
        />
    </children>
</component>